data,url
【3月9日】LNG价格信息,http://mp.weixin.qq.com/s?__biz=MzA3NzA0NTgxNA==&amp;mid=2651607143&amp;idx=4&amp;sn=ba6e226935fbfac96ec03fabf506320f&amp;chksm=84a0f93eb3d77028033f8800c8c8ab627263f9a49ebf2e9e8c07749ffb88ddf7b115644aa1a2&amp;scene=27#wechat_redirect
,
【3月6日】LNG价格信息,http://mp.weixin.qq.com/s?__biz=MzA3NzA0NTgxNA==&amp;mid=2651607136&amp;idx=2&amp;sn=cef397f10fa06147f4e1592e65770106&amp;chksm=84a0f939b3d7702f965912147437cb5e7577af8337e87f1a0e84c6c0e27c25944b846060fd79&amp;scene=27#wechat_redirect
,
【3月6日】LNG价格信息,http://mp.weixin.qq.com/s?__biz=MzA3NzA0NTgxNA==&amp;mid=2651607135&amp;idx=2&amp;sn=1cd9b256f6c658e9ca3f58cce229000e&amp;chksm=84a0f906b3d77010d5bc4e9a51c988693b0d237024c015fad963b7f13c8c3ad0be8af77bc873&amp;scene=27#wechat_redirect
,
【3月6日】LNG价格信息,http://mp.weixin.qq.com/s?__biz=MzA3NzA0NTgxNA==&amp;mid=2651607132&amp;idx=4&amp;sn=cc7e929be3b540c258b642ce9b7b2ded&amp;chksm=84a0f905b3d77013092a8cf699ae597dfe3bc06e5d4c4270511381b7f09d32613e1bac5ec74a&amp;scene=27#wechat_redirect
,
【3月5日】LNG价格信息,http://mp.weixin.qq.com/s?__biz=MzA3NzA0NTgxNA==&amp;mid=2651607121&amp;idx=4&amp;sn=fb7e39800ea3533d59d9080ac25d114d&amp;chksm=84a0f908b3d7701ec4c9ac7fc5843bcc4545683bc3da7951ecc2deb570705d6d49f2d357452f&amp;scene=27#wechat_redirect
,
【3月4日】LNG价格信息,http://mp.weixin.qq.com/s?__biz=MzA3NzA0NTgxNA==&amp;mid=2651607110&amp;idx=4&amp;sn=b5e4d172a92a9fdc5bc2e774af7c2d60&amp;chksm=84a0f91fb3d77009cec45fcaa83c5562f12f6e98198a54bfe4c3d4fb8b94b1b7f2067565ed3a&amp;scene=27#wechat_redirect
,
【3月3日】LNG价格信息,http://mp.weixin.qq.com/s?__biz=MzA3NzA0NTgxNA==&amp;mid=2651607102&amp;idx=4&amp;sn=c46ed910da2c0382baf659ccb8d2ea49&amp;chksm=84a0f967b3d77071c3c2cce277d50d54398dc4b3b175b9969408297cdc0f85e2f02c6628e007&amp;scene=27#wechat_redirect
,
【3月2日】LNG价格信息,http://mp.weixin.qq.com/s?__biz=MzA3NzA0NTgxNA==&amp;mid=2651607093&amp;idx=4&amp;sn=2531d7f3a51d324d213f4baef498d947&amp;chksm=84a0f96cb3d7707a683b0157c1b6a651e614e380731fc85e54fafc66e5e8552eb2918f836b0e&amp;scene=27#wechat_redirect
,
【2月28日】LNG价格信息,http://mp.weixin.qq.com/s?__biz=MzA3NzA0NTgxNA==&amp;mid=2651607087&amp;idx=2&amp;sn=703f9903dd2bf00554ed477ae45269f3&amp;chksm=84a0f976b3d77060fff2fe31791421ca3b1fb0acca83fe835ea00d827676b3b134543bd176ff&amp;scene=27#wechat_redirect
,
【2月28日】LNG价格信息,http://mp.weixin.qq.com/s?__biz=MzA3NzA0NTgxNA==&amp;mid=2651607083&amp;idx=2&amp;sn=07e9e4caa9183cc9585f68ec9ddb6e93&amp;chksm=84a0f972b3d77064cabfcc2ca1f792804f01ca27d13576f46412b85f27c8a92e83b62921c041&amp;scene=27#wechat_redirect
,
【2月18日】LNG价格信息,http://mp.weixin.qq.com/s?__biz=MzA3NzA0NTgxNA==&amp;mid=2651606997&amp;idx=4&amp;sn=b4a8c24d9e9e54bde57be611a6eb2f0f&amp;chksm=84a0e68cb3d76f9a0550ad7fcc6b6b6b02c31105826c166f2a0364e89e6ca52475db23169f82&amp;scene=27#wechat_redirect
,
【2月17日】LNG价格信息,http://mp.weixin.qq.com/s?__biz=MzA3NzA0NTgxNA==&amp;mid=2651606984&amp;idx=4&amp;sn=c0fcff342b2708c2cf9b8213e1365aff&amp;chksm=84a0e691b3d76f8753080b2196e4cadf2b01376cc8a35b0c09a7178f26a650293e89c828728f&amp;scene=27#wechat_redirect
,
【2月14日】LNG价格信息,http://mp.weixin.qq.com/s?__biz=MzA3NzA0NTgxNA==&amp;mid=2651606975&amp;idx=2&amp;sn=876511e94b3734b656e903430b8e2f11&amp;chksm=84a0e6e6b3d76ff0d0b1d9bad3b7603d641f279af89da898f6ab8ac0cf9669c079e6ec0535ed&amp;scene=27#wechat_redirect
,
【2月14日】LNG价格信息,http://mp.weixin.qq.com/s?__biz=MzA3NzA0NTgxNA==&amp;mid=2651606970&amp;idx=2&amp;sn=8a433c0200ebed4b1f4a061b0443ee72&amp;chksm=84a0e6e3b3d76ff5d57fdd03f720fb45166ea8038a8fe42f46c11b434f273c8ec75b74c5fa2a&amp;scene=27#wechat_redirect
,
【2月14日】LNG价格信息,http://mp.weixin.qq.com/s?__biz=MzA3NzA0NTgxNA==&amp;mid=2651606960&amp;idx=4&amp;sn=0074099537ba70a0f6643d80f8e52179&amp;chksm=84a0e6e9b3d76fff3449c0f66326dbff01b118ca697f14eba4991447bd5713f69234dbd58957&amp;scene=27#wechat_redirect
,
【2月13日】LNG价格信息,http://mp.weixin.qq.com/s?__biz=MzA3NzA0NTgxNA==&amp;mid=2651606950&amp;idx=4&amp;sn=d514ffcddae64fe69a217cebe727185b&amp;chksm=84a0e6ffb3d76fe9492784fcd7382f7b68f11ba967361313fdcaa5b5b5dc1369a8775f3fd210&amp;scene=27#wechat_redirect
,
【2月12日】LNG价格信息,http://mp.weixin.qq.com/s?__biz=MzA3NzA0NTgxNA==&amp;mid=2651606940&amp;idx=4&amp;sn=9f9f56397b28fcc43733efd8a5628d63&amp;chksm=84a0e6c5b3d76fd32abb9544a614a19dfed783c1b61f785afac6daf91e2128459ebc64450322&amp;scene=27#wechat_redirect
,
【2月11日】LNG价格信息,http://mp.weixin.qq.com/s?__biz=MzA3NzA0NTgxNA==&amp;mid=2651606933&amp;idx=4&amp;sn=c65773b58f0475cab5c9672e7146c67d&amp;chksm=84a0e6ccb3d76fdaa42443530d245ebf911cba3678a35c5616560efac53f9035205ac6092fdf&amp;scene=27#wechat_redirect
,
【2月10日】LNG价格信息,http://mp.weixin.qq.com/s?__biz=MzA3NzA0NTgxNA==&amp;mid=2651606925&amp;idx=4&amp;sn=a5253c19b569acefd0a7ea4d6a94db41&amp;chksm=84a0e6d4b3d76fc263a9f92a103cd5915ab42d9766e19c64bcaa46600e0aa5624abcf2505046&amp;scene=27#wechat_redirect
,
【2月7日】LNG价格信息,http://mp.weixin.qq.com/s?__biz=MzA3NzA0NTgxNA==&amp;mid=2651606917&amp;idx=2&amp;sn=9f508a4c0e2e4068f051b7a93055cd41&amp;chksm=84a0e6dcb3d76fca502db6d048d51e008e0072839fe0d588ef2063233e5c7fc691817d5b7a80&amp;scene=27#wechat_redirect
,
【1月19日】LNG价格信息,http://mp.weixin.qq.com/s?__biz=MzA3NzA0NTgxNA==&amp;mid=2651606789&amp;idx=2&amp;sn=413f8abb8a0aa6598b0fc8d08ec93a3c&amp;chksm=84a0e65cb3d76f4ae2ec30280e24e1ba2c6ae0722c88636f7ab05ab74ec615603f6721ffad59&amp;scene=27#wechat_redirect
,
【1月17日】LNG价格信息,http://mp.weixin.qq.com/s?__biz=MzA3NzA0NTgxNA==&amp;mid=2651606784&amp;idx=2&amp;sn=618d45cac59c0b455c94e9778ffd486c&amp;chksm=84a0e659b3d76f4f4e9ab33ad59e3868c144f1342bb1e982c881b9e52a4905b8a962779ab60b&amp;scene=27#wechat_redirect
,
【1月17日】LNG价格信息,http://mp.weixin.qq.com/s?__biz=MzA3NzA0NTgxNA==&amp;mid=2651606783&amp;idx=7&amp;sn=87355bd066075ca426ff7c682c295cc8&amp;chksm=84a0e7a6b3d76eb00993f74ce34664e4344900324551ad03d85c9bfb2e9cc5582330ed49918a&amp;scene=27#wechat_redirect
,
【1月16日】LNG价格信息,http://mp.weixin.qq.com/s?__biz=MzA3NzA0NTgxNA==&amp;mid=2651606768&amp;idx=7&amp;sn=73e5ca2b55d7d4fa5b9a63afb4d8e96d&amp;chksm=84a0e7a9b3d76ebff3e771c39159fd03d8e31b6df74e156e746a484d97c43ad8ff52594154b0&amp;scene=27#wechat_redirect
,
【1月15日】LNG价格信息,http://mp.weixin.qq.com/s?__biz=MzA3NzA0NTgxNA==&amp;mid=2651606745&amp;idx=7&amp;sn=a380b07c3e1f3c721b39715d334450eb&amp;chksm=84a0e780b3d76e96a6c42c0b83b01eba16a3dbd4397274e5f136556aab0278dc14e8119ef886&amp;scene=27#wechat_redirect
,
【1月14日】LNG价格信息,http://mp.weixin.qq.com/s?__biz=MzA3NzA0NTgxNA==&amp;mid=2651606728&amp;idx=7&amp;sn=10b7be69b04512c455039339fa358151&amp;chksm=84a0e791b3d76e8778d41e217407f9080c18f8bb3eea870579c5c7b3d3eecae2a1bd7dc60e65&amp;scene=27#wechat_redirect
,
【1月13日】LNG价格信息,http://mp.weixin.qq.com/s?__biz=MzA3NzA0NTgxNA==&amp;mid=2651606714&amp;idx=7&amp;sn=122e161561d9b6061d486efac3a72bc4&amp;chksm=84a0e7e3b3d76ef5593c9754b0c4644c6726823ed3ce76f3988f83f059e5a3a91b5e4d0e32f3&amp;scene=27#wechat_redirect
,
【1月10日】LNG价格信息,http://mp.weixin.qq.com/s?__biz=MzA3NzA0NTgxNA==&amp;mid=2651606702&amp;idx=2&amp;sn=8c8f86826bd12e3aafbe334e16431ff9&amp;chksm=84a0e7f7b3d76ee15494e6413c3b3e3c48e807c3b91c1e749472851b87ec519c656f00b11a52&amp;scene=27#wechat_redirect
,
【1月10日】LNG价格信息,http://mp.weixin.qq.com/s?__biz=MzA3NzA0NTgxNA==&amp;mid=2651606701&amp;idx=2&amp;sn=415a3be2867e46de0caaeff38e01ea3b&amp;chksm=84a0e7f4b3d76ee2564e9972413f7497ff5cf26bb8a749e42a1d70a9f7e560e611ee92d733e6&amp;scene=27#wechat_redirect
,
【1月10日】LNG价格信息,http://mp.weixin.qq.com/s?__biz=MzA3NzA0NTgxNA==&amp;mid=2651606700&amp;idx=7&amp;sn=1119f114497373d3010ef74590ffcb16&amp;chksm=84a0e7f5b3d76ee3587eb5b7b43bb4ece272189e4eb3e4518e7f326467c1b47f68375d7c4869&amp;scene=27#wechat_redirect
,
【12月30日】LNG价格信息,http://mp.weixin.qq.com/s?__biz=MzA3NzA0NTgxNA==&amp;mid=2651606586&amp;idx=7&amp;sn=581524ef7e08d96c74240b65611d2bcf&amp;chksm=84a0e763b3d76e75b07e924e044bf0981116b73547e99f7c894ae6067b640b02aec66a2b7f6f&amp;scene=27#wechat_redirect
,
【12月27日】LNG价格信息,http://mp.weixin.qq.com/s?__biz=MzA3NzA0NTgxNA==&amp;mid=2651606576&amp;idx=2&amp;sn=8700d703d4a74e1516159daccf772cf5&amp;chksm=84a0e769b3d76e7f7b70ff5912cc750eeb427c558089b7a9c4117c002cd9637492e1115b053e&amp;scene=27#wechat_redirect
,
【12月27日】LNG价格信息,http://mp.weixin.qq.com/s?__biz=MzA3NzA0NTgxNA==&amp;mid=2651606575&amp;idx=2&amp;sn=f67eba6ffcd3070764d1b3a275c49128&amp;chksm=84a0e776b3d76e60507389b90e465efca7cc8726f51a1f277df2479012a16e47ef806fd53a06&amp;scene=27#wechat_redirect
,
【12月27日】LNG价格信息,http://mp.weixin.qq.com/s?__biz=MzA3NzA0NTgxNA==&amp;mid=2651606574&amp;idx=7&amp;sn=c28fdab5d502fbf2cb0ceed07ccb0e67&amp;chksm=84a0e777b3d76e615738bf18a5aa5523d56892f681acc3120db8a3bab22573f8a07a76e1ccdf&amp;scene=27#wechat_redirect
,
【12月26日】LNG价格信息,http://mp.weixin.qq.com/s?__biz=MzA3NzA0NTgxNA==&amp;mid=2651606558&amp;idx=7&amp;sn=e669e152329d9f3060239d5b0cc4df4b&amp;chksm=84a0e747b3d76e517ee7ee628a227bbb4ad8060791d5a2955d0ce4c20f13c3a24082a68226eb&amp;scene=27#wechat_redirect
,
【12月25日】LNG价格信息,http://mp.weixin.qq.com/s?__biz=MzA3NzA0NTgxNA==&amp;mid=2651606545&amp;idx=7&amp;sn=30aa5c4b07cb06dbfdfff05af1f82455&amp;chksm=84a0e748b3d76e5eea28e861c54fd0de8fc2814680d9031234b4e0ea0cfdf949f580226bce1f&amp;scene=27#wechat_redirect
,
【12月24日】LNG价格信息,http://mp.weixin.qq.com/s?__biz=MzA3NzA0NTgxNA==&amp;mid=2651606530&amp;idx=7&amp;sn=125ab998e08732286ad55391b00c90b4&amp;chksm=84a0e75bb3d76e4d151dd0649b261eb12f324ce769bf469d7043b3fa3b495dc9564a9c20cf36&amp;scene=27#wechat_redirect
,
【12月23日】LNG价格信息,http://mp.weixin.qq.com/s?__biz=MzA3NzA0NTgxNA==&amp;mid=2651606520&amp;idx=7&amp;sn=1ee42b0e71842d5cc182f7ed56541552&amp;chksm=84a0e4a1b3d76db794a9c003ce616fca4a508cc950dd0eb4ad9dacaa0e9c500afe5c2cbca571&amp;scene=27#wechat_redirect
,
【12月20日】LNG价格信息,http://mp.weixin.qq.com/s?__biz=MzA3NzA0NTgxNA==&amp;mid=2651606507&amp;idx=2&amp;sn=e3da7b80caa01b3afbb53dad5caeb8b7&amp;chksm=84a0e4b2b3d76da4a0f7c00faa5608cad3b185759252e361ec927a16a2bece9fa9cbf4b69318&amp;scene=27#wechat_redirect
,
【12月20日】LNG价格信息,http://mp.weixin.qq.com/s?__biz=MzA3NzA0NTgxNA==&amp;mid=2651606506&amp;idx=2&amp;sn=288ab0215c5dc35554f46a50491baa38&amp;chksm=84a0e4b3b3d76da57ada8a96df18b4e90f7672bd959dd162caaf8b6dcaf320f26f79abbbb85e&amp;scene=27#wechat_redirect
,
【12月20日】LNG价格信息,http://mp.weixin.qq.com/s?__biz=MzA3NzA0NTgxNA==&amp;mid=2651606505&amp;idx=7&amp;sn=7120e57dd8334288fc35bbe223cbde89&amp;chksm=84a0e4b0b3d76da6daf5c587e4c5a6ef43336b55d4906ee9cada60b257a70c4c6a69a2ce66f2&amp;scene=27#wechat_redirect
,
【12月19日】LNG价格信息,http://mp.weixin.qq.com/s?__biz=MzA3NzA0NTgxNA==&amp;mid=2651606487&amp;idx=7&amp;sn=1787fa9960344fca2c2a0a4cfb2a044d&amp;chksm=84a0e48eb3d76d984aecabaab86d85cad1187787db6e8e10f98539bdcaad1224844be5a94cca&amp;scene=27#wechat_redirect
,
【12月18日】LNG价格信息,http://mp.weixin.qq.com/s?__biz=MzA3NzA0NTgxNA==&amp;mid=2651606475&amp;idx=7&amp;sn=9c4c0f971022b9ed5b7fabde73ca0810&amp;chksm=84a0e492b3d76d8437d6e67ca6b5598a5f1e9afa829e05b1d5a4c004a45c4dbdba28797444fe&amp;scene=27#wechat_redirect
,
【12月17日】LNG价格信息,http://mp.weixin.qq.com/s?__biz=MzA3NzA0NTgxNA==&amp;mid=2651606463&amp;idx=7&amp;sn=7798367b97dc5e7e4a4364598d47e261&amp;chksm=84a0e4e6b3d76df0816acb21968ac4ff5b2f509b8fa3c6ee87bbb3fcb353ea2bdea95e86a695&amp;scene=27#wechat_redirect
,
【12月16日】LNG价格信息,http://mp.weixin.qq.com/s?__biz=MzA3NzA0NTgxNA==&amp;mid=2651606446&amp;idx=7&amp;sn=aee63d50c93c1ae38d43b2bb2feda58d&amp;chksm=84a0e4f7b3d76de1e85ab2686f3a68e3b678dd38dea4493c2176e3d225b7b1ed70e8f82399d7&amp;scene=27#wechat_redirect
,
【12月13日】LNG价格信息,http://mp.weixin.qq.com/s?__biz=MzA3NzA0NTgxNA==&amp;mid=2651606434&amp;idx=2&amp;sn=e3f44d741e7f1033ee08bbbdda7334ed&amp;chksm=84a0e4fbb3d76dedf5187b1bd93cbe53ece8ebade92b6fc8b0ac801472f372d71ae5531be6b9&amp;scene=27#wechat_redirect
,
【12月13日】LNG价格信息,http://mp.weixin.qq.com/s?__biz=MzA3NzA0NTgxNA==&amp;mid=2651606432&amp;idx=2&amp;sn=b0ac0500047b9c377f59a651d81aa625&amp;chksm=84a0e4f9b3d76def0b316d58ad5750099cedfd79f95411e26f6a007069ef438856056073a4f4&amp;scene=27#wechat_redirect
,
【12月13日】LNG价格信息,http://mp.weixin.qq.com/s?__biz=MzA3NzA0NTgxNA==&amp;mid=2651606431&amp;idx=7&amp;sn=c113a77b436add2706ec61c43b035d62&amp;chksm=84a0e4c6b3d76dd0bb06a1b2baf6fb9f12a6ea79fe541d819eb76ca5b065e012a4e006e9bf17&amp;scene=27#wechat_redirect
,
【12月12日】LNG价格信息,http://mp.weixin.qq.com/s?__biz=MzA3NzA0NTgxNA==&amp;mid=2651606403&amp;idx=7&amp;sn=19c0327e5f2cd5dde086eae09e0644c5&amp;chksm=84a0e4dab3d76dcc88d576645ae8c33688ce656e2580f0d4f8ad9353ed5f29816463884dfe56&amp;scene=27#wechat_redirect
,
【12月11日】LNG价格信息,http://mp.weixin.qq.com/s?__biz=MzA3NzA0NTgxNA==&amp;mid=2651606387&amp;idx=7&amp;sn=4c5e8f5f7cea1723f4363d0a17f02111&amp;chksm=84a0e42ab3d76d3c5728b07508784d63b047305746c273b9cf98f0da859a51e5d79054d622a4&amp;scene=27#wechat_redirect
